ID,MESSAGE
37845094,"Buen día.
Le informamos desde The Mendoza Law Firm que en este momento nos encontramos trabajando en la elaboración de su declaración personal, un documento clave dentro de su proceso migratorio.
Esta declaración se prepara cuidadosamente con base en la información y documentación que ha proporcionado, y será incluida como parte fundamental de su solicitud.
Si tiene alguna pregunta o desea compartir información adicional, puede comunicarse con nosotros al 202-869-0694.
¡Le deseamos un bendecido día!"
37780092,"Buen día.
Le informamos desde The Mendoza Law Firm que en este momento nos encontramos trabajando en la elaboración de su declaración personal, un documento clave dentro de su proceso migratorio.
Esta declaración se prepara cuidadosamente con base en la información y documentación que ha proporcionado, y será incluida como parte fundamental de su solicitud.
Si tiene alguna pregunta o desea compartir información adicional, puede comunicarse con nosotros al 202-869-0694.
¡Le deseamos un bendecido día!"
37970682,"Buen día.
Le informamos desde The Mendoza Law Firm que en este momento nos encontramos trabajando en la elaboración de su declaración personal, un documento clave dentro de su proceso migratorio.
Esta declaración se prepara cuidadosamente con base en la información y documentación que ha proporcionado, y será incluida como parte fundamental de su solicitud.
Si tiene alguna pregunta o desea compartir información adicional, puede comunicarse con nosotros al 202-869-0694.
¡Le deseamos un bendecido día!"
38531882,"Buen día.
Le informamos desde The Mendoza Law Firm que en este momento nos encontramos trabajando en la elaboración de su declaración personal, un documento clave dentro de su proceso migratorio.
Esta declaración se prepara cuidadosamente con base en la información y documentación que ha proporcionado, y será incluida como parte fundamental de su solicitud.
Si tiene alguna pregunta o desea compartir información adicional, puede comunicarse con nosotros al 202-869-0694.
¡Le deseamos un bendecido día!"
32327724,"Buen día.
Le informamos desde The Mendoza Law Firm que en este momento nos encontramos trabajando en la elaboración de su declaración personal, un documento clave dentro de su proceso migratorio.
Esta declaración se prepara cuidadosamente con base en la información y documentación que ha proporcionado, y será incluida como parte fundamental de su solicitud.
Si tiene alguna pregunta o desea compartir información adicional, puede comunicarse con nosotros al 202-869-0694.
¡Le deseamos un bendecido día!"
